seqIndex,seqLabel,seqRes,RMSF,pLDDT,ssLabel,dsspLabel
1,M,MET,1.592,41.680,L, 
2,A,ALA,0.911,52.200,L, 
3,K,LYS,0.872,65.390,L,S
4,Y,TYR,0.587,77.590,L,S
5,Q,GLN,0.556,82.110,L, 
6,V,VAL,0.373,87.850,L, 
7,T,THR,0.377,88.830,L,S
8,K,LYS,0.380,88.930,S,E
9,T,THR,0.358,89.170,S,E
10,L,LEU,0.349,87.670,S,E
11,D,ASP,0.344,87.580,S,E
12,V,VAL,0.338,81.200,L, 
13,R,ARG,0.330,80.110,L,T
14,G,GLY,0.464,71.620,L,T
15,E,GLU,0.439,70.500,L,P
16,V,VAL,0.519,66.160,L,P
17,C,CYS,0.481,62.560,L,T
18,P,PRO,0.489,73.790,H,T
19,V,VAL,0.380,75.340,H,H
20,P,PRO,0.318,76.670,H,H
21,D,ASP,0.319,79.170,H,H
22,V,VAL,0.341,84.160,H,H
23,E,GLU,0.334,84.850,H,H
24,T,THR,0.315,84.760,H,H
25,K,LYS,0.320,85.130,H,H
26,R,ARG,0.337,86.580,H,H
27,A,ALA,0.337,87.410,H,H
28,L,LEU,0.335,86.290,H,H
29,Q,GLN,0.417,86.170,H,H
30,N,ASN,0.456,86.770,H,T
31,M,MET,0.419,87.560,L,S
32,K,LYS,0.471,85.710,L,P
33,P,PRO,0.406,88.400,L,T
34,G,GLY,0.420,87.430,S,T
35,E,GLU,0.357,91.700,S, 
36,I,ILE,0.286,91.190,S,E
37,L,LEU,0.281,90.450,S,E
38,E,GLU,0.282,91.040,S,E
39,V,VAL,0.293,88.450,S,E
40,W,TRP,0.296,88.570,S,E
41,I,ILE,0.285,86.180,S,E
42,D,ASP,0.296,84.540,L, 
43,Y,TYR,0.361,78.870,L, 
44,P,PRO,0.412,75.670,H,H
45,M,MET,0.402,74.120,H,H
46,S,SER,0.317,75.480,H,H
47,K,LYS,0.354,77.740,H,H
48,E,GLU,0.374,81.150,H,H
49,R,ARG,0.327,82.500,H,H
50,I,ILE,0.310,83.420,H,H
51,P,PRO,0.330,85.220,H,H
52,E,GLU,0.340,86.370,H,H
53,T,THR,0.323,85.230,H,H
54,V,VAL,0.294,87.090,H,H
55,K,LYS,0.333,87.060,H,H
56,K,LYS,0.411,87.000,H,H
57,L,LEU,0.420,85.280,H,T
58,G,GLY,0.411,86.260,L,T
59,H,HIS,0.328,88.860,L, 
60,E,GLU,0.337,89.510,S,E
61,V,VAL,0.320,90.090,S,E
62,L,LEU,0.341,88.860,S,E
63,E,GLU,0.421,88.380,S,E
64,I,ILE,0.386,88.200,S,E
65,E,GLU,0.448,87.490,S,E
66,E,GLU,0.480,87.080,S,E
67,V,VAL,0.561,86.550,S,E
68,G,GLY,0.625,83.010,S,E
69,P,PRO,0.985,77.830,L,T
70,S,SER,0.575,81.430,L,T
71,E,GLU,0.375,86.690,S,E
72,W,TRP,0.325,87.690,S,E
73,K,LYS,0.308,89.400,S,E
74,I,ILE,0.297,88.860,S,E
75,Y,TYR,0.279,90.430,S,E
76,I,ILE,0.285,90.450,S,E
77,K,LYS,0.290,90.290,S,E
78,V,VAL,0.288,90.020,S, 
79,K,LYS,0.435,85.750,L, 
